App,Store,App ID,Review ID,Country,Version,Rating,Date,Author,Subject,Body,Translated Subject,Translated Body
Headphone detector,Google Play,ch.blinkenlights.android.vanillaplug,Z3A6QU9xcFRPR2N0UWl0MFBxMHd1c0h0TDlsM3BUWmRvZ3RFZVMyT0ZfWGFxcUo5VHk0cDhSQTh3Z1J1aFlqTEpUc21CTGJhTDZMVjBEdVFSbTdldzA1ckxV,English,,5,2016-08-15,"","",My saver,,
Headphone detector,Google Play,ch.blinkenlights.android.vanillaplug,Z3A6QU9xcFRPR1hLd1dOeXdiNmlibGI0VjhoVk5iMmoyclBwdVZSNFVnRDN4ZGI5ZllUdTQxbEFBb1UwZG5ka3N0Mjg3aFkxcWpUNkJIaFEzRG5rYmNsZ3o4,English,,1,2016-07-18,Dan Smith,Shit,"Doesn't work,apart from that it's great",,
Headphone detector,Google Play,ch.blinkenlights.android.vanillaplug,Z3A6QU9xcFRPSHBKUXl0SHJhVkZDSjNXQ1p0UUF2d2NWM2RLY0lxWmp5MV9QdlBCYXNPWTItUW9sX25Kc3loakJqWVdielQ4dDFfVFNINmVXMlFYVUU0NGxv,English,,1,2016-05-28,Redal Mafia,"",Didn't work,,
Headphone detector,Google Play,ch.blinkenlights.android.vanillaplug,Z3A6QU9xcFRPSE9HSkxBY1VGcnhzVmVHWG5jc0NJSC1OZTVGTkl0RGJLVXlnSnpXczVBN2o0d0JGNnF0S1d6ZE1xVzMyUTZfWWdwbEhBd1lxX3VoeTZybDJn,English,,5,2016-05-27,Moises Zavalza,I loved it,Good,,
Headphone detector,Google Play,ch.blinkenlights.android.vanillaplug,Z3A6QU9xcFRPR2k5U1BIN2VadHd6SmljVERuRy0wR1cxazJTbUdORWkxLWR0TG9DLVdJeTRVanRtLUF6d1JucUVoaGxndmJBMk1BZ2RyQnJxQ01JR2txSVpJ,English,,5,2016-03-16,Damien Hills,"",Perfect,,
Headphone detector,Google Play,ch.blinkenlights.android.vanillaplug,Z3A6QU9xcFRPRi01dXhLSDVFNnpRWFFZUUJSMHJ0SFJ6UVVuTHQ2a0c5YTdsa2FPRGJYMTlOOWFWUTViSWJMakJSOERPRVl3T1ZFRzdjNGZVaVdpN2VzdWxz,English,,5,2016-02-18,Tsuki Mc,Awesome,I didn't realize how much I loved this feature with my old music player on Motorola Defy XT (android 2.3 days) until I didn't have it anymore.,,
Headphone detector,Google Play,ch.blinkenlights.android.vanillaplug,Z3A6QU9xcFRPRUQzVlBhUDhnMTRrWTZQaFpFaWtrdkNadks4VERfMnpVVjRiaHpTNk83WWVtTTh1R2dOU0xRcDFPT0ROQ2N4U2lWZlhtcXhNaG5lUndxQWRj,English,,3,2016-01-24,Megha Rani,"",Nice app,,
Headphone detector,Google Play,ch.blinkenlights.android.vanillaplug,Z3A6QU9xcFRPSExVWEVEdHVFUkhaSjBEM0MySFFDWmp6bVBTajFhUnhWWURMaFkwMW9UdlVRYmlqekEzZ045aG9kU0cxNzFZNGlpbVJQNFM2ejhuQm5lMWo0,English,,5,2015-08-23,jamal harris,Like the app,Like the app,,
Headphone detector,Google Play,ch.blinkenlights.android.vanillaplug,Z3A6QU9xcFRPSG5BYnZhZlpyMm9OWmtzVlRrZi0xLVJ2Zk9PbTlURXhFdWNjaF9GdkcyVmZxMHVrTkVkd1c0aWdzc0RvbGJPbVN2SnBIWmNhaVE5OVZKdWxF,English,,1,2015-08-01,Maddie Tipton,"",App doesn't work.just pops up as a sign.,,
Headphone detector,Google Play,ch.blinkenlights.android.vanillaplug,Z3A6QU9xcFRPRkVxNFpMa1JnMTlIenJNdlVNekt5ZVg0UDZwWjdHbUlDR3JFUnBSRGpSMnhSRHdDNTJCWjVaSzlqXzNFVUQtZVhzMXpnaVdCaWRjYUVRbV9j,English,,4,2015-07-17,Aashika Bhutia,"",This is good,,
Headphone detector,Google Play,ch.blinkenlights.android.vanillaplug,Z3A6QU9xcFRPRVdvTExjRTduaHhkQUVKaHExQTZSSkFCTDJUYVd5Xzc4QnIycW9YSkNaV1J2WnNvcjNVYVl0N0ZibXVqb0pFa25iMkJEM0hIcENQMThpY2NV,English,,5,2014-09-08,Nelton Chuy,"",Nice,,
Headphone detector,Google Play,ch.blinkenlights.android.vanillaplug,Z3A6QU9xcFRPRmJWQ3JDQnV1UVMyU0xWYmptTFFqQzZxMnRzbUZmQmJodnkyX1g1V3UyaF83bThVbnRZZ0ZUTldaTWtvcU1laG5Eak1wcFV2WVhuc2JDbTVz,English,,5,2014-07-09,Rochelle Clardy,Samsung Galaxy S III,S 3,,
Headphone detector,Google Play,ch.blinkenlights.android.vanillaplug,Z3A6QU9xcFRPR2dyWTg4Vjh6cnlWTjJNNXNSR0N5aF9iMFJNWkRYWk40SjBmdWdfbGhZa0piUXNTLW0tUlhhUUpuWk5JMEY2UzYxV2RZbTVDc1BkdEZPVEVJ,English,,5,2013-09-25,Crystal Cervantes,Plug in play,This is a great app.....,,
Headphone detector,Google Play,ch.blinkenlights.android.vanillaplug,Z3A6QU9xcFRPRlJ5SVlCYTNmREJ5Nk05Zzk1MmpMNXU1MjVKTFh6SlVlOUs4VnhRYXlFbWFmQjBseDdJM1RRVUVmUnY0QkdPT0EwVjMwRkx3ZlBaeUh2Z2Jj,Japanese,,1,2014-05-03,高橋弘明,？,これは何のためのあぷり？,,
Headphone detector,Google Play,ch.blinkenlights.android.vanillaplug,Z3A6QU9xcFRPRmRZWk1teFFuNFZZRDdpWGFXcVYtUEt1RnUxRkVQU0xtT1I2MVE4dUdQZGVxTElhNWx4ZUo2MWxtVEg2SEl1VXdWSm1xZXNUZ0p3Ym82TkVn,French,,5,2016-06-06,sécurité 1er tout de control,Sécurité dit l'avatar,Maimouna,,
Headphone detector,Google Play,ch.blinkenlights.android.vanillaplug,Z3A6QU9xcFRPSGJzazYtUGg5RnRRVzVPYVBPLWhXSUpJQ21EUi1yZE14OV91eWg1MFNDT3kzblp4R2lSN0QwcXQta01ZVC1BeXRxYk1rZl80SlpwblBfT1Aw,Czech,,1,2016-08-11,"","",Naprosto nefunkcni . Sluchatka rozezna . ale prehravac nespusti . Takze o nicem . Skoda,,
Headphone detector,Google Play,ch.blinkenlights.android.vanillaplug,Z3A6QU9xcFRPSFRtcGxid25hUWdEYmRMTXJQV2s4clRiZ0lpemNnbkVFQzJtUkZUdkVXbmtVMkFIdkNSUXp5V29TenNSODhjUElCOGlBSHhvQVhyM1FCYXRZ,German,,1,2015-10-18,Alexander Grosch,"",Erneuerungs bedarf!!!,,
Headphone detector,Google Play,ch.blinkenlights.android.vanillaplug,Z3A6QU9xcFRPR0lCZjhNSERfOTliTU9iUlF1NkxZYmx5WF8tUUlCNXlGZ1NjcnpsUTFyWW1CZk5jME9OOTBjTjN2QnJyOWdqSmU2TU4tTkZ2QmRBQ1NQOXpz,Hungarian,,1,2014-06-09,Yeah boiii,"",Ez szar.......,,
Headphone detector,Google Play,ch.blinkenlights.android.vanillaplug,Z3A6QU9xcFRPR1BlN2RuOUlKcGJrNHVxY2xud2xPMk9FQm5LWmVJMmx6Y2hiRXJxV0h1OVQ5ZTZiT3hYMGc0ZmdfNzlfMmh5S1dGQUczRkxpbVNvcmJVR25j,Polish,,1,2014-04-24,Kamil Daraż,"",Szkoda gadać,,
Headphone detector,Google Play,ch.blinkenlights.android.vanillaplug,Z3A6QU9xcFRPR1NicnZzSl9zU0RJaEJxSDFiWUFaYU45R2FXamhjaVNUN1J5UUxfVWI3Yl9xbU1BVVJoMHlyYXBRMkxNQXV6RWtrZmc4TldaUEhXaGNkUDJJ,Portuguese,,5,2017-04-30,Thiago Henrique Dos Santos,"",Bom,,
Headphone detector,Google Play,ch.blinkenlights.android.vanillaplug,Z3A6QU9xcFRPRm1RQUFQLUxDUzIxWkpzXzhVQkc1Rjk0VmNraWpra3R3YkZhR0s5SlhHNTFuSGhUOThfa2hNclpvT2JyM0hGb2IydE5LNEJqSDNyTWU5U1VV,Portuguese,,5,2017-04-05,Fabricio Campos,"",Deve ser bom,,
Headphone detector,Google Play,ch.blinkenlights.android.vanillaplug,Z3A6QU9xcFRPSHM0Q1IyLUdUZnhmTDAyZXVndzlmWi1HbW9rczQtczZuT3h3R1hFWVFuWERQNDBiV0JLZl9OSnpNQmRsV2l0Vm9adl83Rzl2cEJEc1JSTmNR,Spanish,,5,2016-12-20,Raúl Mv,"",Gran complemento,,
Headphone detector,Google Play,ch.blinkenlights.android.vanillaplug,Z3A6QU9xcFRPRXVNOGJVT2YwQUh6Mm9lWVpWYkRqbkZINnpiSi0wdzUzX18wempQQzRSLWJyNVUwN3pPWXRmTWRpSWFVd005RE43T3h1UGdVOE11RDNWR0g0,Spanish,,5,2016-08-19,kaito shion,"",Simplemente chingon,,